{
  "variant": "BulkFormer-50M",
  "negative_pool": "neg_whole_corpus",
  "n_samples": 34900,
  "n_positive": 8725,
  "n_negative": 26175,
  "n_series": 10681,
  "seed": 20260707,
  "k_folds": 5,
  "summary": {
    "n_folds_ran": 5,
    "n_folds_skipped": 0,
    "roc_auc_mean": 0.9278341506046421,
    "roc_auc_std": 0.03563076262138895,
    "pr_auc_mean": 0.8467135041522186,
    "pr_auc_std": 0.07215687430792973,
    "accuracy_mean": 0.8983129008090392,
    "accuracy_std": 0.012989096997048179,
    "sensitivity_mean": 0.839401235988575,
    "sensitivity_std": 0.06933673814316813,
    "specificity_mean": 0.9163400289039064,
    "specificity_std": 0.013238901642228542,
    "f1_mean": 0.8008163101563776,
    "f1_std": 0.03824427712446881,
    "brier_mean": 0.08118558644553814,
    "brier_std": 0.013502751972896458
  },
  "folds": [
    {
      "fold": 0,
      "n_train": 28275,
      "n_val": 6625,
      "n_train_pos": 6956,
      "n_val_pos": 1769,
      "n_train_neg": 21319,
      "n_val_neg": 4856,
      "train_series_count": 8555,
      "val_series_count": 2126,
      "fit_seconds": 0.763,
      "skipped": false,
      "reason": null,
      "roc_auc": 0.9507590220742925,
      "pr_auc": 0.9083299421163378,
      "accuracy": 0.9058113207547169,
      "sensitivity": 0.8643301300169587,
      "specificity": 0.9209225700164745,
      "f1": 0.830526887561108,
      "brier": 0.07055476175180793
    },
    {
      "fold": 1,
      "n_train": 27942,
      "n_val": 6958,
      "n_train_pos": 6973,
      "n_val_pos": 1752,
      "n_train_neg": 20969,
      "n_val_neg": 5206,
      "train_series_count": 8548,
      "val_series_count": 2133,
      "fit_seconds": 0.689,
      "skipped": false,
      "reason": null,
      "roc_auc": 0.8704497971255506,
      "pr_auc": 0.8052661971410516,
      "accuracy": 0.8761138258120149,
      "sensitivity": 0.723744292237443,
      "specificity": 0.9273914713791779,
      "f1": 0.746321365509123,
      "brier": 0.10251583867506242
    },
    {
      "fold": 2,
      "n_train": 27623,
      "n_val": 7277,
      "n_train_pos": 6467,
      "n_val_pos": 2258,
      "n_train_neg": 21156,
      "n_val_neg": 5019,
      "train_series_count": 8536,
      "val_series_count": 2145,
      "fit_seconds": 0.797,
      "skipped": false,
      "reason": null,
      "roc_auc": 0.9692646243654096,
      "pr_auc": 0.9313054122306729,
      "accuracy": 0.901470386148138,
      "sensitivity": 0.9260407440212578,
      "specificity": 0.8904164176130703,
      "f1": 0.8536436007348438,
      "brier": 0.0753824546493132
    },
    {
      "fold": 3,
      "n_train": 28055,
      "n_val": 6845,
      "n_train_pos": 7169,
      "n_val_pos": 1556,
      "n_train_neg": 20886,
      "n_val_neg": 5289,
      "train_series_count": 8542,
      "val_series_count": 2139,
      "fit_seconds": 0.72,
      "skipped": false,
      "reason": null,
      "roc_auc": 0.9044934167581646,
      "pr_auc": 0.7315819714902554,
      "accuracy": 0.893644996347699,
      "sensitivity": 0.8059125964010283,
      "specificity": 0.9194554736245036,
      "f1": 0.7750309023485785,
      "brier": 0.09094326230327868
    },
    {
      "fold": 4,
      "n_train": 27705,
      "n_val": 7195,
      "n_train_pos": 7335,
      "n_val_pos": 1390,
      "n_train_neg": 20370,
      "n_val_neg": 5805,
      "train_series_count": 8543,
      "val_series_count": 2138,
      "fit_seconds": 0.695,
      "skipped": false,
      "reason": null,
      "roc_auc": 0.9442038926997938,
      "pr_auc": 0.8570839977827751,
      "accuracy": 0.9145239749826268,
      "sensitivity": 0.8769784172661871,
      "specificity": 0.9235142118863049,
      "f1": 0.7985587946282345,
      "brier": 0.06653161484822852
    }
  ]
}