{
  "variant": "BulkFormer-50M",
  "negative_pool": "neg_hard",
  "n_samples": 31032,
  "n_positive": 8725,
  "n_negative": 22307,
  "n_series": 1654,
  "seed": 20260707,
  "k_folds": 5,
  "summary": {
    "n_folds_ran": 5,
    "n_folds_skipped": 0,
    "roc_auc_mean": 0.723603274185203,
    "roc_auc_std": 0.10980275185886072,
    "pr_auc_mean": 0.5341106162084797,
    "pr_auc_std": 0.1270168037480648,
    "accuracy_mean": 0.6795048666458159,
    "accuracy_std": 0.10191812563518997,
    "sensitivity_mean": 0.6617773547200935,
    "sensitivity_std": 0.11478791413533777,
    "specificity_mean": 0.6916927332686023,
    "specificity_std": 0.13270009979391004,
    "f1_mean": 0.5500667849959062,
    "f1_std": 0.0628171158884551,
    "brier_mean": 0.23804456124906528,
    "brier_std": 0.08959784070160365
  },
  "folds": [
    {
      "fold": 0,
      "n_train": 28809,
      "n_val": 2223,
      "n_train_pos": 8036,
      "n_val_pos": 689,
      "n_train_neg": 20773,
      "n_val_neg": 1534,
      "train_series_count": 1524,
      "val_series_count": 130,
      "fit_seconds": 0.996,
      "skipped": false,
      "reason": null,
      "roc_auc": 0.7627780942090553,
      "pr_auc": 0.5670082469834248,
      "accuracy": 0.6936572199730094,
      "sensitivity": 0.7518142235123367,
      "specificity": 0.6675358539765319,
      "f1": 0.6033779848573093,
      "brier": 0.2113259668135334
    },
    {
      "fold": 1,
      "n_train": 21368,
      "n_val": 9664,
      "n_train_pos": 7036,
      "n_val_pos": 1689,
      "n_train_neg": 14332,
      "n_val_neg": 7975,
      "train_series_count": 1270,
      "val_series_count": 384,
      "fit_seconds": 0.726,
      "skipped": false,
      "reason": null,
      "roc_auc": 0.9126594913426543,
      "pr_auc": 0.6986992826302656,
      "accuracy": 0.8681705298013245,
      "sensitivity": 0.6903493191237419,
      "specificity": 0.9058307210031348,
      "f1": 0.646699944536883,
      "brier": 0.09341787415970988
    },
    {
      "fold": 2,
      "n_train": 24386,
      "n_val": 6646,
      "n_train_pos": 6946,
      "n_val_pos": 1779,
      "n_train_neg": 17440,
      "n_val_neg": 4867,
      "train_series_count": 1295,
      "val_series_count": 359,
      "fit_seconds": 0.862,
      "skipped": false,
      "reason": null,
      "roc_auc": 0.6226268546599814,
      "pr_auc": 0.34147453768771596,
      "accuracy": 0.5737285585314474,
      "sensitivity": 0.7774030354131535,
      "specificity": 0.4992808711732073,
      "f1": 0.49401678871227006,
      "brier": 0.3703351085228707
    },
    {
      "fold": 3,
      "n_train": 23757,
      "n_val": 7275,
      "n_train_pos": 5651,
      "n_val_pos": 3074,
      "n_train_neg": 18106,
      "n_val_neg": 4201,
      "train_series_count": 1261,
      "val_series_count": 393,
      "fit_seconds": 0.855,
      "skipped": false,
      "reason": null,
      "roc_auc": 0.6114311631041157,
      "pr_auc": 0.6193617233955759,
      "accuracy": 0.6199312714776632,
      "sensitivity": 0.4547820429407938,
      "specificity": 0.7407760057129255,
      "f1": 0.5027872684768926,
      "brier": 0.26863263253805586
    },
    {
      "fold": 4,
      "n_train": 25808,
      "n_val": 5224,
      "n_train_pos": 7231,
      "n_val_pos": 1494,
      "n_train_neg": 18577,
      "n_val_neg": 3730,
      "train_series_count": 1266,
      "val_series_count": 388,
      "fit_seconds": 0.811,
      "skipped": false,
      "reason": null,
      "roc_auc": 0.7085207676102084,
      "pr_auc": 0.4440092903454166,
      "accuracy": 0.6420367534456355,
      "sensitivity": 0.6345381526104418,
      "specificity": 0.6450402144772118,
      "f1": 0.5034519383961763,
      "brier": 0.24651122421115643
    }
  ]
}